concept	introducing-doc	defining-doc	usage-count	layer-of-introduction	primitive-class
access-across-time	intelligence-commons/docs/foundations/intelligence-primitives.md	intelligence-commons/docs/foundations/intelligence-primitives.md	6	intelligence-commons:adr-eligible	FALSE
access-modes	intelligence-commons/docs/foundations/memory-layer-model.md	intelligence-commons/docs/foundations/memory-layer-model.md	1	intelligence-commons:adr-eligible	FALSE
adaptive-coordination	spore/docs/project-vision.md	spore/docs/research/connections/johar-fork-in-the-system.md	6	spore:adr-eligible	FALSE
adaptive-provisioning	spore/docs/research/connections/johar-infrastructure-after-permanence.md	spore/docs/research/connections/johar-infrastructure-after-permanence.md	1	bridge-note	FALSE
adaptive-update	intelligence-commons/docs/learning-field/stalks/mem0.md	intelligence-commons/docs/learning-field/stalks/mem0.md	2	intelligence-commons:extended	FALSE
agent	intelligence-commons/docs/foundations/intelligence-primitives.md	spore/docs/foundations/spore-instance-model.md	83	intelligence-commons:adr-eligible	TRUE
agent-capability	spore/docs/research/connections/johar-commitment-economy.md	spore/docs/research/connections/johar-free-markets-freedom.md	2	bridge-note	FALSE
agent-commons	spore/docs/foundations/holonic-network-architecture.md	spore/docs/project-vision.md	13	spore:adr-eligible	TRUE
agent-roles	intelligence-commons/docs/patterns/project-learning-membrane.md	intelligence-commons/docs/patterns/project-learning-membrane.md	4	intelligence-commons:extended	FALSE
agentic-capacity	spore/docs/foundations/relational-agency-and-holons.md	spore/docs/foundations/relational-agency-and-holons.md	3	spore:adr-eligible	FALSE
agentic-control	intelligence-commons/docs/foundations/intelligence-primitives.md	intelligence-commons/docs/foundations/intelligence-primitives.md	10	intelligence-commons:adr-eligible	TRUE
agentic-memory	intelligence-commons/docs/learning-field/stalks/graphiti.md	intelligence-commons/docs/learning-field/stalks/graphiti.md	12	intelligence-commons:extended	TRUE
agility-contribution-and-organizing	spore/docs/research/connections/johar-infrastructure-agility.md	spore/docs/research/connections/johar-infrastructure-agility.md	1	bridge-note	FALSE
algorithm-correctness	poietic-match/docs/protocol.md	poietic-match/docs/protocol.md	1	poietic-match:adr-eligible	FALSE
anonymous-embeddings	poietic-match/docs/protocol.md	poietic-match/docs/protocol.md	1	poietic-match:adr-eligible	FALSE
architectural-plasticity	intelligence-commons/docs/research/johar-neuroplastic-field.md	intelligence-commons/docs/research/johar-neuroplastic-field.md	2	bridge-note	FALSE
arrangement-plasticity	spore/docs/research/connections/johar-neuroplastic-field.md	intelligence-commons/docs/research/johar-neuroplastic-field.md	1	bridge-note	FALSE
artifact-flow	intelligence-commons/docs/patterns/project-learning-membrane.md	intelligence-commons/docs/patterns/project-learning-membrane.md	2	intelligence-commons:extended	FALSE
attention-sovereignty	spore/docs/research/connections/johar-brain-self-rewriting-field.md	spore/docs/research/connections/johar-brain-self-rewriting-field.md	1	bridge-note	FALSE
attribute-claim	spore/docs/research/connections/promise-foundation-commitment-protocol.md	spore/docs/research/connections/promise-foundation-commitment-protocol.md	1	bridge-note	FALSE
authorized-boundary-crossing	spore/docs/foundations/holonic-network-architecture.md	spore/docs/project-vision.md	6	spore:adr-eligible	FALSE
autopoiesis	intelligence-commons/docs/research/canon-decisions/0008-autopoietic-framing-held.md	spore/docs/research/concepts-p2p-wiki.yaml	14	intelligence-commons:adr-eligible	TRUE
behavioral-claim	spore/docs/research/connections/promise-foundation-commitment-protocol.md	spore/docs/research/connections/promise-foundation-commitment-protocol.md	1	bridge-note	FALSE
behavioral-invariants	spore/docs/research/connections/johar-machine-psychology.md	spore/docs/research/connections/johar-machine-psychology.md	1	bridge-note	FALSE
bi-temporal	intelligence-commons/docs/learning-field/stalks/graphiti.md	intelligence-commons/docs/learning-field/stalks/graphiti.md	6	intelligence-commons:extended	TRUE
bilateral-trust	spore/docs/foundations/mycorrhizal-federation-protocol.md	spore/docs/foundations/mycorrhizal-federation-protocol.md	2	spore:adr-eligible	FALSE
bioregional-commons	spore/docs/foundations/spore-instance-model.md	spore/docs/foundations/spore-instance-model.md	3	spore:adr-eligible	FALSE
bioregional-coordination	poietic-match/docs/project-vision.md	spore/docs/research/concepts-p2p-wiki.yaml	18	poietic-match:adr-eligible	TRUE
bioregional-matching	poietic-match/docs/project-vision.md	poietic-match/docs/project-vision.md	1	poietic-match:adr-eligible	FALSE
bioregional-scope	intelligence-commons/docs/project-vision.md	spore/docs/research/concepts-p2p-wiki.yaml	18	intelligence-commons:adr-eligible	TRUE
bkc-materialization	intelligence-commons/docs/foundations/intelligence-primitives.md	intelligence-commons/docs/foundations/intelligence-primitives.md	3	intelligence-commons:adr-eligible	FALSE
bkc-materializations	intelligence-commons/docs/foundations/memory-layer-model.md	intelligence-commons/docs/foundations/memory-layer-model.md	2	intelligence-commons:adr-eligible	FALSE
boundary-commoning	intelligence-commons/docs/foundations/memory-layer-model.md	spore/docs/research/concepts-p2p-wiki.yaml	46	intelligence-commons:adr-eligible	TRUE
boundary-making-and-entangled-systems	spore/docs/research/connections/johar-boundaries-in-systems.md	spore/docs/research/connections/johar-boundaries-in-systems.md	1	bridge-note	FALSE
boundary-spanner	poietic-match/docs/research/connections/bioregional-coordination.md	spore/docs/research/concepts-p2p-wiki.yaml	7	bridge-note	FALSE
bundle-lifecycle	poietic-match/docs/grammar.md	poietic-match/docs/grammar.md	1	poietic-match:adr-eligible	FALSE
capability-packaging	intelligence-commons/docs/research/claude-code-agentic-engineering.md	intelligence-commons/docs/research/claude-code-agentic-engineering.md	2	bridge-note	FALSE
capability-routing	intelligence-commons/docs/foundations/intelligence-primitives.md	intelligence-commons/docs/foundations/intelligence-primitives.md	8	intelligence-commons:adr-eligible	TRUE
care	intelligence-commons/docs/foundations/intelligence-primitives.md	spore/docs/foundations/relational-agency-and-holons.md	39	intelligence-commons:adr-eligible	TRUE
care-courage-and-presence	spore/docs/research/connections/johar-ecology-of-courage.md	spore/docs/research/connections/johar-ecology-of-courage.md	2	bridge-note	FALSE
category-adequacy	intelligence-commons/docs/research/johar-neuroplastic-field.md	spore/docs/research/connections/johar-recursive-intelligence.md	3	bridge-note	FALSE
cellular-sheaves	spore/docs/research/connections/hansen-ghrist-discourse-graphs.md	spore/docs/research/connections/hansen-ghrist-discourse-graphs.md	2	bridge-note	FALSE
civic-infrastructure	spore/docs/positioning/civic-infrastructure-convergence.md	spore/docs/research/connections/open-civics.md	9	spore:extended	FALSE
civic-intelligence	spore/docs/research/connections/johar-civic-intelligence.md	spore/docs/research/connections/johar-civic-intelligence.md	1	bridge-note	FALSE
civic-truth	spore/docs/research/connections/johar-conversational-sovereignty.md	spore/docs/research/connections/johar-truth-in-doubt.md	5	bridge-note	FALSE
claim-architecture	intelligence-commons/docs/patterns/project-learning-membrane.md	intelligence-commons/docs/patterns/project-learning-membrane.md	6	intelligence-commons:extended	FALSE
claude-mem	intelligence-commons/docs/learning-field/stalks/our-stack.md	intelligence-commons/docs/learning-field/stalks/our-stack.md	8	intelligence-commons:extended	FALSE
co-amplification	spore/docs/research/connections/johar-economy-of-doubt.md	spore/docs/research/connections/johar-economy-of-doubt.md	1	bridge-note	FALSE
cognitive-commons	spore/docs/research/connections/johar-brain-self-rewriting-field.md	spore/docs/research/connections/johar-speech-and-duty.md	2	bridge-note	FALSE
cognitive-ecology	spore/docs/research/connections/johar-brain-self-rewriting-field.md	spore/docs/research/connections/johar-brain-self-rewriting-field.md	1	bridge-note	FALSE
coherence-infrastructure	spore/docs/research/connections/johar-conversational-sovereignty.md	spore/docs/research/connections/johar-conversational-sovereignty.md	2	bridge-note	FALSE
collective-agency	intelligence-commons/docs/research/canon-decisions/0006-collective-agency-declination.md	spore/docs/research/concepts-p2p-wiki.yaml	23	intelligence-commons:adr-eligible	TRUE
commercial-credit-circuit	poietic-match/docs/project-vision.md	spore/docs/research/concepts-p2p-wiki.yaml	11	poietic-match:adr-eligible	FALSE
commitment	intelligence-commons/docs/foundations/intelligence-primitives.md	spore/docs/foundations/constitutional-artifacts-and-graph-projections.md	122	intelligence-commons:adr-eligible	TRUE
commitment-bundles	poietic-match/docs/grammar.md	poietic-match/docs/project-vision.md	7	poietic-match:adr-eligible	TRUE
commitment-capacity	spore/docs/research/connections/johar-biophysically-entering.md	spore/docs/research/connections/johar-biophysically-entering.md	1	bridge-note	FALSE
commitment-decay	spore/docs/research/connections/promise-foundation-commitment-protocol.md	spore/docs/research/connections/bennett-every-timeline.md	1	bridge-note	FALSE
commitment-graph	intelligence-commons/docs/foundations/intelligence-primitives.md	spore/docs/foundations/constitutional-artifacts-and-graph-projections.md	4	intelligence-commons:adr-eligible	FALSE
commitment-integrity	poietic-match/docs/protocol.md	poietic-match/docs/protocol.md	1	poietic-match:adr-eligible	FALSE
commitment-pooling	intelligence-commons/docs/project-vision.md	spore/docs/research/concepts-p2p-wiki.yaml	56	intelligence-commons:adr-eligible	TRUE
commitment-signature	spore/docs/research/connections/johar-commitment-economy.md	spore/docs/research/connections/johar-commitment-economy.md	1	bridge-note	FALSE
commons-as-verb	intelligence-commons/docs/research/canon-decisions/0002-reproduction-primacy.md	spore/docs/research/concepts-p2p-wiki.yaml	14	intelligence-commons:adr-eligible	TRUE
commons-law	intelligence-commons/docs/project-vision.md	spore/docs/research/concepts-p2p-wiki.yaml	13	intelligence-commons:adr-eligible	TRUE
comparative-intake	intelligence-commons/docs/patterns/project-learning-membrane.md	spore/docs/project-vision.md	15	intelligence-commons:extended	TRUE
composite-participant	intelligence-commons/docs/learning-field/stalks/our-stack.md	intelligence-commons/docs/learning-field/stalks/our-stack.md	1	intelligence-commons:extended	FALSE
compositional-economy	spore/docs/research/connections/johar-priceability.md	spore/docs/research/connections/johar-priceability.md	1	bridge-note	FALSE
compulsion-to-depend	poietic-match/docs/project-vision.md	poietic-match/docs/project-vision.md	3	poietic-match:adr-eligible	FALSE
condition-engineering	spore/docs/research/connections/johar-presence-engineering.md	spore/docs/research/connections/johar-presence-engineering.md	1	bridge-note	FALSE
configurable-delivery-mechanism	spore/docs/foundations/mycorrhizal-federation-protocol.md	spore/docs/foundations/mycorrhizal-federation-protocol.md	1	spore:adr-eligible	FALSE
consciousness-sovereignty-and-post-compliance	spore/docs/research/connections/johar-sovereign-consciousness.md	spore/docs/research/connections/johar-sovereign-consciousness.md	1	bridge-note	FALSE
consent-audit	poietic-match/docs/protocol.md	poietic-match/docs/protocol.md	1	poietic-match:adr-eligible	FALSE
consent-compliance	poietic-match/docs/protocol.md	poietic-match/docs/protocol.md	1	poietic-match:adr-eligible	FALSE
consent-gated	poietic-match/docs/grammar.md	poietic-match/docs/grammar.md	2	poietic-match:adr-eligible	FALSE
consent-scope	poietic-match/docs/project-vision.md	poietic-match/docs/project-vision.md	1	poietic-match:adr-eligible	FALSE
constitutional-artifacts	intelligence-commons/docs/foundations/memory-layer-model.md	spore/docs/foundations/constitutional-artifacts-and-graph-projections.md	17	intelligence-commons:adr-eligible	TRUE
constitutional-commitments	spore/docs/foundations/constitutional-artifacts-and-graph-projections.md	spore/docs/project-vision.md	17	spore:adr-eligible	TRUE
constitutional-graph	spore/docs/foundations/constitutional-artifacts-and-graph-projections.md	spore/docs/foundations/constitutional-artifacts-and-graph-projections.md	3	spore:adr-eligible	FALSE
constructive-coordination	spore/docs/research/connections/constructive-hyperstition.md	spore/docs/research/connections/constructive-hyperstition.md	1	bridge-note	FALSE
containment-and-connection	spore/docs/project-vision.md	spore/docs/project-vision.md	3	spore:adr-eligible	FALSE
context-ownership	spore/docs/research/connections/johar-entangled-intelligence.md	spore/docs/research/connections/johar-entangled-intelligence.md	1	bridge-note	FALSE
context-repositories	intelligence-commons/docs/learning-field/stalks/letta-memfs.md	intelligence-commons/docs/learning-field/stalks/letta-memfs.md	1	intelligence-commons:extended	FALSE
contextual-coherence	spore/docs/research/connections/johar-presence-engineering.md	spore/docs/research/connections/johar-presence-engineering.md	1	bridge-note	FALSE
convergence-detection	intelligence-commons/docs/patterns/project-learning-membrane.md	intelligence-commons/docs/patterns/project-learning-membrane.md	10	intelligence-commons:extended	FALSE
convergence-gardener	intelligence-commons/docs/patterns/project-learning-membrane.md	intelligence-commons/docs/patterns/project-learning-membrane.md	2	intelligence-commons:extended	FALSE
conversation-state	intelligence-commons/docs/foundations/memory-layer-model.md	intelligence-commons/docs/foundations/memory-layer-model.md	1	intelligence-commons:adr-eligible	FALSE
conversational-sovereignty	spore/docs/research/connections/johar-conversational-sovereignty.md	spore/docs/research/connections/johar-conversational-sovereignty.md	1	bridge-note	FALSE
conviction-signal	spore/docs/positioning/hyperstition-as-coordination.md	spore/docs/research/connections/hyperstition-markets.md	3	spore:extended	FALSE
coordination-between-pools	poietic-match/docs/project-vision.md	poietic-match/docs/project-vision.md	2	poietic-match:adr-eligible	FALSE
coordination-grammar	intelligence-commons/docs/project-vision.md	spore/docs/research/connections/hyperstition.md	42	intelligence-commons:adr-eligible	TRUE
coordination-scales	spore/docs/project-vision.md	spore/docs/project-vision.md	1	spore:adr-eligible	FALSE
coordination-substrate	intelligence-commons/docs/research/canon-decisions/0001-pluriversal-incommensurability.md	spore/docs/research/concepts-p2p-wiki.yaml	37	intelligence-commons:adr-eligible	TRUE
coordination-under-complexity	spore/docs/project-vision.md	spore/docs/project-vision.md	4	spore:adr-eligible	FALSE
core-claim	spore/docs/foundations/relational-agency-and-holons.md	spore/docs/foundations/relational-agency-and-holons.md	4	spore:adr-eligible	FALSE
core-thesis	spore/docs/project-vision.md	spore/docs/project-vision.md	1	spore:adr-eligible	FALSE
cosmo-local-production	intelligence-commons/docs/research/canon-decisions/0004-three-layer-coordination-stack.md	spore/docs/research/concepts-p2p-wiki.yaml	14	intelligence-commons:adr-eligible	TRUE
craft-responsiveness	spore/docs/research/connections/johar-presence-engineering.md	spore/docs/research/connections/johar-presence-engineering.md	1	bridge-note	FALSE
curation-valuation-limitation-exchange	intelligence-commons/docs/research/canon-decisions/0004-three-layer-coordination-stack.md	spore/docs/research/concepts-p2p-wiki.yaml	26	intelligence-commons:adr-eligible	TRUE
current-evidence	intelligence-commons/docs/patterns/project-learning-membrane.md	intelligence-commons/docs/patterns/project-learning-membrane.md	4	intelligence-commons:extended	FALSE
damping-loss	spore/docs/research/connections/johar-biophysically-entering.md	spore/docs/research/connections/johar-biophysically-entering.md	1	bridge-note	FALSE
data-asymmetry	spore/docs/foundations/mycorrhizal-federation-protocol.md	spore/docs/foundations/mycorrhizal-federation-protocol.md	6	spore:adr-eligible	FALSE
decentralization-theater	intelligence-commons/docs/research/canon-decisions/0005-decentralization-myth-bundle.md	spore/docs/research/concepts-p2p-wiki.yaml	23	intelligence-commons:adr-eligible	TRUE
degenerative-volatility	spore/docs/research/connections/johar-biophysically-entering.md	spore/docs/research/connections/johar-biophysically-entering.md	1	bridge-note	FALSE
delivery-assurance	spore/docs/foundations/mycorrhizal-federation-protocol.md	spore/docs/foundations/mycorrhizal-federation-protocol.md	1	spore:adr-eligible	FALSE
dialectic-user-modeling	intelligence-commons/docs/research/hermes-agent-memory-lifecycle-and-procedural-writes.md	intelligence-commons/docs/research/hermes-agent-memory-lifecycle-and-procedural-writes.md	1	bridge-note	FALSE
disclosure-lifecycle	poietic-match/docs/grammar.md	poietic-match/docs/grammar.md	1	poietic-match:adr-eligible	FALSE
discourse-graph	spore/docs/foundations/constitutional-artifacts-and-graph-projections.md	spore/docs/foundations/constitutional-artifacts-and-graph-projections.md	25	spore:adr-eligible	TRUE
discourse-graphs	spore/docs/research/connections/hansen-ghrist-discourse-graphs.md	spore/docs/research/connections/hansen-ghrist-discourse-graphs.md	4	bridge-note	FALSE
dispositional-profile	spore/docs/research/connections/johar-machine-psychology.md	spore/docs/research/connections/johar-machine-psychology.md	1	bridge-note	FALSE
distributed-epistemic-integrity	spore/docs/research/connections/johar-speech-and-duty.md	spore/docs/research/connections/johar-speech-and-duty.md	1	bridge-note	FALSE
domain-definitions	spore/docs/foundations/constitutional-artifacts-and-graph-projections.md	spore/docs/foundations/constitutional-artifacts-and-graph-projections.md	1	spore:adr-eligible	FALSE
domain-event-types	spore/docs/foundations/mycorrhizal-federation-protocol.md	spore/docs/foundations/mycorrhizal-federation-protocol.md	3	spore:adr-eligible	FALSE
domain-events	spore/docs/foundations/mycorrhizal-federation-protocol.md	spore/docs/foundations/mycorrhizal-federation-protocol.md	4	spore:adr-eligible	FALSE
domain-specific	poietic-match/docs/grammar.md	poietic-match/docs/grammar.md	6	poietic-match:adr-eligible	TRUE
doubt-as-infrastructure	spore/docs/research/connections/johar-economy-of-doubt.md	spore/docs/research/connections/johar-truth-in-doubt.md	2	bridge-note	FALSE
doubt-plural-selfhood-and-relational-maturity	spore/docs/research/connections/johar-economy-of-doubt.md	spore/docs/research/connections/johar-economy-of-doubt.md	1	bridge-note	FALSE
dual-representation	poietic-match/docs/grammar.md	spore/docs/foundations/constitutional-artifacts-and-graph-projections.md	5	poietic-match:adr-eligible	FALSE
ecological-sensors	spore/docs/foundations/constitutional-artifacts-and-graph-projections.md	spore/docs/foundations/constitutional-artifacts-and-graph-projections.md	1	spore:adr-eligible	FALSE
economic-sensors	spore/docs/foundations/constitutional-artifacts-and-graph-projections.md	spore/docs/foundations/constitutional-artifacts-and-graph-projections.md	1	spore:adr-eligible	FALSE
edge-management	spore/docs/foundations/mycorrhizal-federation-protocol.md	spore/docs/foundations/mycorrhizal-federation-protocol.md	1	spore:adr-eligible	FALSE
edge-permissions	spore/docs/project-vision.md	spore/docs/project-vision.md	1	spore:adr-eligible	FALSE
embodied-inviolability	spore/docs/research/connections/johar-unalienable-being.md	spore/docs/research/connections/johar-unalienable-being.md	1	bridge-note	FALSE
emergent-coherence	spore/docs/research/connections/johar-outcomes-and-systems.md	spore/docs/research/connections/johar-outcomes-and-systems.md	1	bridge-note	FALSE
emergent-normativity	spore/docs/research/connections/johar-sovereign-consciousness.md	spore/docs/research/connections/johar-sovereign-consciousness.md	1	bridge-note	FALSE
enactive-cognition	intelligence-commons/docs/research/canon-decisions/0006-collective-agency-declination.md	spore/docs/research/concepts-p2p-wiki.yaml	8	intelligence-commons:adr-eligible	FALSE
energetic-realism	spore/docs/research/connections/johar-money-future-energy.md	spore/docs/research/connections/johar-money-future-energy.md	1	bridge-note	FALSE
entangled-architecture	spore/docs/research/connections/johar-entangled-intelligence.md	spore/docs/research/connections/johar-entangled-intelligence.md	1	bridge-note	FALSE
entangled-freedom-and-being	spore/docs/research/connections/johar-boundaries-in-systems.md	spore/docs/research/connections/johar-entangled-freedom.md	3	bridge-note	FALSE
episodic-memory	intelligence-commons/docs/foundations/intelligence-primitives.md	intelligence-commons/docs/foundations/memory-layer-model.md	6	intelligence-commons:adr-eligible	FALSE
epistemic-commons	spore/docs/research/connections/johar-moral-provenance.md	spore/docs/research/connections/johar-truth-in-doubt.md	2	bridge-note	FALSE
epistemic-graph	spore/docs/foundations/constitutional-artifacts-and-graph-projections.md	spore/docs/foundations/constitutional-artifacts-and-graph-projections.md	7	spore:adr-eligible	TRUE
epistemic-graphs	spore/docs/foundations/constitutional-artifacts-and-graph-projections.md	spore/docs/foundations/constitutional-artifacts-and-graph-projections.md	1	spore:adr-eligible	FALSE
epistemic-monoculture-risk	spore/docs/research/connections/johar-entangled-intelligence.md	spore/docs/research/connections/johar-machine-psychology.md	2	bridge-note	FALSE
epistemic-translation	spore/docs/research/connections/johar-recursive-intelligence.md	spore/docs/research/connections/johar-recursive-intelligence.md	1	bridge-note	FALSE
evaluation	intelligence-commons/docs/foundations/intelligence-primitives.md	intelligence-commons/docs/foundations/intelligence-primitives.md	28	intelligence-commons:adr-eligible	TRUE
event-graph	spore/docs/foundations/constitutional-artifacts-and-graph-projections.md	spore/docs/foundations/constitutional-artifacts-and-graph-projections.md	6	spore:adr-eligible	FALSE
event-graphs	spore/docs/foundations/constitutional-artifacts-and-graph-projections.md	spore/docs/foundations/constitutional-artifacts-and-graph-projections.md	1	spore:adr-eligible	FALSE
event-sequencing	spore/docs/foundations/mycorrhizal-federation-protocol.md	spore/docs/foundations/mycorrhizal-federation-protocol.md	1	spore:adr-eligible	FALSE
evidence	intelligence-commons/docs/foundations/intelligence-primitives.md	intelligence-commons/docs/foundations/intelligence-primitives.md	146	intelligence-commons:adr-eligible	TRUE
evidence-based	intelligence-commons/docs/foundations/intelligence-primitives.md	poietic-match/docs/project-vision.md	6	intelligence-commons:adr-eligible	FALSE
evidence-chain	intelligence-commons/docs/research/promise-foundation-oracular-evidence-audit.md	intelligence-commons/docs/research/promise-foundation-oracular-evidence-audit.md	3	bridge-note	FALSE
evidence-feeds-trust	poietic-match/docs/protocol.md	poietic-match/docs/protocol.md	1	poietic-match:adr-eligible	FALSE
evidence-grounded	poietic-match/docs/grammar.md	poietic-match/docs/grammar.md	2	poietic-match:adr-eligible	FALSE
evidence-provenance	intelligence-commons/docs/research/promise-foundation-oracular-evidence-audit.md	poietic-match/docs/protocol.md	2	bridge-note	FALSE
exchange-rules	spore/docs/foundations/holonic-network-architecture.md	spore/docs/foundations/mycorrhizal-federation-protocol.md	3	spore:adr-eligible	FALSE
failure-modes	intelligence-commons/docs/foundations/memory-layer-model.md	intelligence-commons/docs/patterns/project-learning-membrane.md	37	intelligence-commons:adr-eligible	TRUE
federation	intelligence-commons/docs/foundations/intelligence-primitives.md	poietic-match/docs/protocol.md	90	intelligence-commons:adr-eligible	TRUE
federation-coherence	spore/docs/research/connections/hansen-ghrist-discourse-graphs.md	spore/docs/research/connections/sheaf-theory-formalization.md	2	bridge-note	FALSE
federation-mechanics	spore/docs/foundations/mycorrhizal-federation-protocol.md	spore/docs/foundations/mycorrhizal-federation-protocol.md	4	spore:adr-eligible	FALSE
federation-protocol	intelligence-commons/docs/foundations/memory-layer-model.md	spore/docs/project-vision.md	56	intelligence-commons:adr-eligible	TRUE
fiedler-bottleneck	intelligence-commons/docs/research/bosca-ghrist-local-to-global.md	intelligence-commons/docs/research/bosca-ghrist-local-to-global.md	2	bridge-note	FALSE
field	intelligence-commons/docs/learning-field/stalks/mem0.md	spore/docs/foundations/constitutional-artifacts-and-graph-projections.md	91	intelligence-commons:extended	TRUE
field-neuroplasticity	intelligence-commons/docs/research/johar-neuroplastic-field.md	intelligence-commons/docs/research/johar-neuroplastic-field.md	3	bridge-note	FALSE
field-state	intelligence-commons/docs/research/johar-neuroplastic-field.md	intelligence-commons/docs/research/johar-neuroplastic-field.md	3	bridge-note	FALSE
filtering-membrane	poietic-match/docs/protocol.md	spore/docs/research/concepts-p2p-wiki.yaml	17	poietic-match:adr-eligible	TRUE
flow-funding	poietic-match/docs/research/connections/bioregional-coordination.md	spore/docs/research/connections/flow-funding.md	7	bridge-note	FALSE
for-agents	intelligence-commons/docs/learning-field/stalks/graphiti.md	poietic-match/docs/protocol.md	5	intelligence-commons:extended	FALSE
four-moments	intelligence-commons/docs/foundations/intelligence-primitives.md	intelligence-commons/docs/foundations/intelligence-primitives.md	5	intelligence-commons:adr-eligible	FALSE
gatekeeper-role-accrual	spore/docs/research/connections/reproductive-commoning.md	spore/docs/foundations/mycorrhizal-federation-protocol.md	1	bridge-note	FALSE
generative-courage	spore/docs/research/connections/johar-ecology-of-courage.md	spore/docs/research/connections/johar-ecology-of-courage.md	1	bridge-note	FALSE
generative-value	intelligence-commons/docs/research/canon-decisions/0004-three-layer-coordination-stack.md	spore/docs/research/concepts-p2p-wiki.yaml	10	intelligence-commons:adr-eligible	FALSE
gift-obligation	intelligence-commons/docs/project-vision.md	spore/docs/research/concepts-p2p-wiki.yaml	13	intelligence-commons:adr-eligible	TRUE
governance-gate	intelligence-commons/docs/research/promise-foundation-oracular-evidence-audit.md	intelligence-commons/docs/research/promise-foundation-oracular-evidence-audit.md	3	bridge-note	FALSE
governance-memory	intelligence-commons/docs/foundations/intelligence-primitives.md	intelligence-commons/docs/foundations/memory-layer-model.md	32	intelligence-commons:adr-eligible	TRUE
governance-reviewer	intelligence-commons/docs/patterns/project-learning-membrane.md	intelligence-commons/docs/patterns/project-learning-membrane.md	2	intelligence-commons:extended	FALSE
governance-under-volatility	spore/docs/research/connections/johar-biophysically-entering.md	spore/docs/research/connections/johar-governing-volatility.md	10	bridge-note	FALSE
graph-projection	spore/docs/foundations/constitutional-artifacts-and-graph-projections.md	spore/docs/foundations/constitutional-artifacts-and-graph-projections.md	4	spore:adr-eligible	FALSE
graph-projections	spore/docs/foundations/constitutional-artifacts-and-graph-projections.md	spore/docs/foundations/constitutional-artifacts-and-graph-projections.md	12	spore:adr-eligible	TRUE
grounding	intelligence-commons/docs/foundations/intelligence-primitives.md	intelligence-commons/docs/foundations/intelligence-primitives.md	43	intelligence-commons:adr-eligible	TRUE
grounding-through-sensors	spore/docs/foundations/constitutional-artifacts-and-graph-projections.md	spore/docs/foundations/constitutional-artifacts-and-graph-projections.md	1	spore:adr-eligible	FALSE
harmonic-peer-review	spore/docs/research/connections/hansen-ghrist-discourse-graphs.md	spore/docs/research/connections/hansen-ghrist-discourse-graphs.md	1	bridge-note	FALSE
health-indicators	spore/docs/positioning/civic-infrastructure-convergence.md	spore/docs/research/connections/open-civics.md	2	spore:extended	FALSE
hinge-risk	intelligence-commons/docs/research/promise-foundation-oracular-evidence-audit.md	intelligence-commons/docs/research/promise-foundation-oracular-evidence-audit.md	2	bridge-note	FALSE
holding-complexity-beyond-control	spore/docs/research/connections/johar-fork-in-the-system.md	spore/docs/research/connections/johar-fork-in-the-system.md	2	bridge-note	FALSE
holon	intelligence-commons/docs/foundations/intelligence-primitives.md	spore/docs/foundations/relational-agency-and-holons.md	42	intelligence-commons:adr-eligible	TRUE
horizon-management	spore/docs/research/connections/johar-brain-self-rewriting-field.md	spore/docs/research/connections/johar-brain-self-rewriting-field.md	1	bridge-note	FALSE
how-adoption-works	spore/docs/project-vision.md	spore/docs/project-vision.md	1	spore:adr-eligible	FALSE
how-they-compose	intelligence-commons/docs/foundations/intelligence-primitives.md	spore/docs/foundations/spore-instance-model.md	3	intelligence-commons:adr-eligible	FALSE
human-economy-and-commitment	spore/docs/research/connections/johar-commitment-economy.md	spore/docs/research/connections/johar-commitment-economy.md	4	bridge-note	FALSE
human-machine-complementarity	intelligence-commons/docs/roadmap/learning-field-roadmap.md	intelligence-commons/docs/research/johar-neuroplastic-field.md	7	meta-corpus	FALSE
hyperstition-markets	spore/docs/positioning/hyperstition-as-coordination.md	spore/docs/research/connections/hyperstition-markets.md	3	spore:extended	FALSE
identity-and-inter-becoming	spore/docs/research/connections/johar-inter-becoming.md	spore/docs/research/connections/johar-inter-becoming.md	2	bridge-note	FALSE
imaginary-identity	spore/docs/research/connections/johar-relational-topology.md	spore/docs/research/connections/johar-relational-topology.md	1	bridge-note	FALSE
implementation-pull	intelligence-commons/docs/patterns/project-learning-membrane.md	intelligence-commons/docs/patterns/project-learning-membrane.md	2	intelligence-commons:extended	FALSE
inclusive-governance	intelligence-commons/docs/research/canon-decisions/0004-three-layer-coordination-stack.md	spore/docs/research/concepts-p2p-wiki.yaml	11	intelligence-commons:adr-eligible	TRUE
inference-infrastructure	intelligence-commons/docs/research/johar-neuroplastic-field.md	intelligence-commons/docs/research/johar-neuroplastic-field.md	4	bridge-note	FALSE
informational-duty	spore/docs/research/connections/johar-moral-provenance.md	spore/docs/research/connections/johar-speech-and-duty.md	3	bridge-note	FALSE
infrastructure-as-platform	spore/docs/research/connections/johar-infrastructure-agility.md	spore/docs/research/connections/johar-infrastructure-agility.md	1	bridge-note	FALSE
instance-model	intelligence-commons/docs/research/canon-decisions/0004-three-layer-coordination-stack.md	spore/docs/research/connections/promise-foundation-commitment-protocol.md	15	intelligence-commons:adr-eligible	FALSE
institutional-cascades	spore/docs/research/connections/johar-civic-intelligence.md	spore/docs/research/connections/johar-civic-intelligence.md	1	bridge-note	FALSE
intelligence-commons-mapping	intelligence-commons/docs/patterns/project-learning-membrane.md	intelligence-commons/docs/patterns/project-learning-membrane.md	2	intelligence-commons:extended	FALSE
intelligence-primitives	intelligence-commons/docs/foundations/intelligence-primitives.md	intelligence-commons/docs/foundations/intelligence-primitives.md	47	intelligence-commons:adr-eligible	FALSE
intent	intelligence-commons/docs/foundations/intelligence-primitives.md	poietic-match/docs/grammar.md	66	intelligence-commons:adr-eligible	TRUE
intent-hypergraph	spore/docs/foundations/constitutional-artifacts-and-graph-projections.md	spore/docs/foundations/constitutional-artifacts-and-graph-projections.md	3	spore:adr-eligible	FALSE
intent-lifecycle	poietic-match/docs/grammar.md	poietic-match/docs/grammar.md	2	poietic-match:adr-eligible	FALSE
intent-pressure	intelligence-commons/docs/roadmap/learning-field-roadmap.md	spore/docs/research/connections/bennett-every-timeline.md	19	meta-corpus	TRUE
interdependent-sovereignty	spore/docs/research/connections/johar-fork-in-the-system.md	spore/docs/research/connections/johar-fork-in-the-system.md	1	bridge-note	FALSE
interoperability-as-institutional	intelligence-commons/docs/foundations/intelligence-primitives.md	spore/docs/research/concepts-p2p-wiki.yaml	27	intelligence-commons:adr-eligible	TRUE
interpretive-drift	spore/docs/research/connections/hansen-ghrist-discourse-graphs.md	spore/docs/research/connections/hansen-ghrist-discourse-graphs.md	1	bridge-note	FALSE
invite-tokens	spore/docs/foundations/mycorrhizal-federation-protocol.md	spore/docs/foundations/mycorrhizal-federation-protocol.md	1	spore:adr-eligible	FALSE
key-insight	intelligence-commons/docs/foundations/intelligence-primitives.md	intelligence-commons/docs/foundations/intelligence-primitives.md	4	intelligence-commons:adr-eligible	FALSE
key-properties	poietic-match/docs/grammar.md	poietic-match/docs/grammar.md	2	poietic-match:adr-eligible	FALSE
knowledge-commons	intelligence-commons/docs/foundations/intelligence-primitives.md	spore/docs/research/concepts-p2p-wiki.yaml	45	intelligence-commons:adr-eligible	TRUE
knowledge-garden	intelligence-commons/docs/patterns/project-learning-membrane.md	intelligence-commons/docs/patterns/project-learning-membrane.md	5	intelligence-commons:extended	FALSE
knowledge-graph	intelligence-commons/docs/foundations/intelligence-primitives.md	spore/docs/project-vision.md	20	intelligence-commons:adr-eligible	FALSE
koi-net	intelligence-commons/docs/foundations/memory-layer-model.md	spore/docs/project-vision.md	6	intelligence-commons:adr-eligible	FALSE
learnable-restriction-maps	spore/docs/research/connections/hansen-ghrist-discourse-graphs.md	spore/docs/research/connections/bosca-ghrist-local-to-global.md	1	bridge-note	FALSE
learning	intelligence-commons/docs/foundations/memory-layer-model.md	spore/docs/foundations/constitutional-artifacts-and-graph-projections.md	73	intelligence-commons:adr-eligible	TRUE
learning-field	intelligence-commons/docs/learning-field/synthesis/agentic-memory-pilot-v1.md	intelligence-commons/docs/patterns/project-learning-membrane.md	27	intelligence-commons:extended	TRUE
learning-membrane	intelligence-commons/docs/patterns/project-learning-membrane.md	spore/docs/project-vision.md	37	intelligence-commons:extended	TRUE
legitimacy-and-shared-consequence	spore/docs/research/connections/johar-four-dimensions-organizing.md	spore/docs/research/connections/johar-four-dimensions-organizing.md	1	bridge-note	FALSE
lifecycle-state-machines	poietic-match/docs/grammar.md	poietic-match/docs/grammar.md	2	poietic-match:adr-eligible	FALSE
linguistic-closure	intelligence-commons/docs/research/inclusive-and-generative-value.md	intelligence-commons/docs/research/johar-word-not-thing.md	23	bridge-note	TRUE
machine-psychology	spore/docs/research/connections/johar-machine-psychology.md	spore/docs/research/connections/johar-machine-psychology.md	1	bridge-note	FALSE
market-dependence	intelligence-commons/docs/research/canon-decisions/0001-pluriversal-incommensurability.md	spore/docs/research/concepts-p2p-wiki.yaml	38	intelligence-commons:adr-eligible	TRUE
market-enablement	poietic-match/docs/project-vision.md	poietic-match/docs/project-vision.md	5	poietic-match:adr-eligible	FALSE
market-legibility-and-moral-provenance	spore/docs/research/connections/johar-free-markets-freedom.md	spore/docs/research/connections/johar-moral-provenance.md	2	bridge-note	FALSE
match-proposal	poietic-match/docs/protocol.md	spore/docs/foundations/constitutional-artifacts-and-graph-projections.md	1	poietic-match:adr-eligible	TRUE
matching-field	poietic-match/docs/grammar.md	poietic-match/docs/project-vision.md	5	poietic-match:adr-eligible	TRUE
meaningful-local-autonomy	spore/docs/foundations/relational-agency-and-holons.md	spore/docs/project-vision.md	7	spore:adr-eligible	FALSE
mediation-structure	spore/docs/foundations/holonic-network-architecture.md	spore/docs/research/connections/johar-boundaries-in-systems.md	2	spore:adr-eligible	FALSE
membrane	intelligence-commons/docs/foundations/intelligence-primitives.md	spore/docs/foundations/constitutional-artifacts-and-graph-projections.md	83	intelligence-commons:adr-eligible	TRUE
membrane-operations	intelligence-commons/docs/foundations/intelligence-primitives.md	intelligence-commons/docs/patterns/project-learning-membrane.md	15	intelligence-commons:adr-eligible	TRUE
memory	intelligence-commons/docs/foundations/intelligence-primitives.md	intelligence-commons/docs/foundations/intelligence-primitives.md	112	intelligence-commons:adr-eligible	TRUE
memory-governance	intelligence-commons/docs/foundations/intelligence-primitives.md	spore/docs/research/concepts-p2p-wiki.yaml	50	intelligence-commons:adr-eligible	TRUE
memory-layer-model	intelligence-commons/docs/foundations/memory-layer-model.md	intelligence-commons/docs/foundations/memory-layer-model.md	18	intelligence-commons:adr-eligible	FALSE
memory-layers	intelligence-commons/docs/foundations/intelligence-primitives.md	intelligence-commons/docs/research/claude-code-agentic-engineering.md	51	intelligence-commons:adr-eligible	TRUE
memory-lifecycle	intelligence-commons/docs/research/hermes-agent-memory-lifecycle-and-procedural-writes.md	intelligence-commons/docs/research/hermes-agent-memory-lifecycle-and-procedural-writes.md	1	bridge-note	FALSE
metabolic-functions	poietic-match/docs/research/connections/commitment-pooling-and-mutual-credit.md	spore/docs/research/connections/flow-funding.md	4	bridge-note	FALSE
minimal-coordination-discipline	poietic-match/docs/research/canon-decisions/0005-decentralization-myth-bundle.md	intelligence-commons/docs/foundations/memory-layer-model.md	1	poietic-match:adr-eligible	FALSE
money-capital-and-future-claims	spore/docs/research/connections/johar-money-future-energy.md	spore/docs/research/connections/johar-money-future-energy.md	1	bridge-note	FALSE
moral-provenance	spore/docs/research/connections/johar-free-markets-freedom.md	spore/docs/research/connections/johar-moral-provenance.md	2	bridge-note	FALSE
multilateral-trust	spore/docs/foundations/mycorrhizal-federation-protocol.md	spore/docs/foundations/mycorrhizal-federation-protocol.md	1	spore:adr-eligible	FALSE
mutual-consent	poietic-match/docs/grammar.md	poietic-match/docs/protocol.md	3	poietic-match:adr-eligible	FALSE
mutual-credit	intelligence-commons/docs/research/knowledge-commons-governance.md	spore/docs/research/concepts-p2p-wiki.yaml	26	bridge-note	TRUE
mycorrhizal-federation-protocol	intelligence-commons/docs/foundations/memory-layer-model.md	spore/docs/foundations/mycorrhizal-federation-protocol.md	52	intelligence-commons:adr-eligible	TRUE
naming-stack	spore/docs/project-vision.md	spore/docs/project-vision.md	1	spore:adr-eligible	FALSE
narrative-form	spore/docs/foundations/constitutional-artifacts-and-graph-projections.md	spore/docs/foundations/constitutional-artifacts-and-graph-projections.md	2	spore:adr-eligible	FALSE
new-domains	poietic-match/docs/grammar.md	poietic-match/docs/grammar.md	1	poietic-match:adr-eligible	FALSE
new-intent-types	poietic-match/docs/grammar.md	poietic-match/docs/grammar.md	1	poietic-match:adr-eligible	FALSE
new-matching-modalities	poietic-match/docs/grammar.md	poietic-match/docs/grammar.md	1	poietic-match:adr-eligible	FALSE
new-trust-dimensions	poietic-match/docs/grammar.md	poietic-match/docs/grammar.md	1	poietic-match:adr-eligible	FALSE
no-algorithmic-manipulation	poietic-match/docs/project-vision.md	poietic-match/docs/project-vision.md	1	poietic-match:adr-eligible	FALSE
node-as-graph	spore/docs/foundations/constitutional-artifacts-and-graph-projections.md	spore/docs/foundations/constitutional-artifacts-and-graph-projections.md	2	spore:adr-eligible	FALSE
non-enclosability	spore/docs/positioning/civic-infrastructure-convergence.md	spore/docs/research/connections/open-civics.md	2	spore:extended	FALSE
non-goals	poietic-match/docs/phase-0-spec.md	spore/docs/foundations/spore-instance-model.md	4	poietic-match:extended	FALSE
not-a-marketplace	poietic-match/docs/project-vision.md	poietic-match/docs/project-vision.md	3	poietic-match:adr-eligible	FALSE
not-a-platform	poietic-match/docs/project-vision.md	poietic-match/docs/project-vision.md	2	poietic-match:adr-eligible	FALSE
obstruction	intelligence-commons/docs/learning-field/synthesis/agentic-memory-pilot-v1.md	poietic-match/docs/grammar.md	12	intelligence-commons:extended	TRUE
obstruction-detection	spore/docs/research/connections/hansen-ghrist-discourse-graphs.md	spore/docs/research/connections/sheaf-theory-formalization.md	2	bridge-note	FALSE
obstruction-transparency	poietic-match/docs/protocol.md	poietic-match/docs/protocol.md	1	poietic-match:adr-eligible	FALSE
only-if-mutual	poietic-match/docs/protocol.md	poietic-match/docs/protocol.md	1	poietic-match:adr-eligible	FALSE
ontology-as-infrastructure	spore/docs/research/connections/johar-entangled-intelligence.md	spore/docs/research/connections/johar-entangled-intelligence.md	1	bridge-note	FALSE
open-civics	spore/docs/foundations/lexicon/stigmergy.md	spore/docs/project-vision.md	4	spore:adr-eligible	FALSE
open-cooperativism	intelligence-commons/docs/research/inclusive-and-generative-value.md	spore/docs/research/concepts-p2p-wiki.yaml	9	bridge-note	FALSE
open-hardware-commons	spore/docs/foundations/mycorrhizal-federation-protocol.md	spore/docs/research/concepts-p2p-wiki.yaml	6	spore:adr-eligible	FALSE
opposition-density-acknowledgement	spore/docs/foundations/mycorrhizal-federation-protocol.md	spore/docs/foundations/mycorrhizal-federation-protocol.md	1	spore:adr-eligible	FALSE
organizational-endorsement	spore/docs/foundations/mycorrhizal-federation-protocol.md	spore/docs/foundations/mycorrhizal-federation-protocol.md	1	spore:adr-eligible	FALSE
orientation-goal	spore/docs/research/connections/johar-portfolio-pathways.md	spore/docs/research/connections/johar-portfolio-pathways.md	1	bridge-note	FALSE
over-automation	intelligence-commons/docs/patterns/project-learning-membrane.md	intelligence-commons/docs/patterns/project-learning-membrane.md	3	intelligence-commons:extended	FALSE
partial-knowing	spore/docs/research/connections/johar-conversational-sovereignty.md	spore/docs/research/connections/johar-entangled-freedom.md	2	bridge-note	FALSE
participatory-sense-making	intelligence-commons/docs/research/canon-decisions/0006-collective-agency-declination.md	spore/docs/research/connections/4e-cognition-and-participatory-sense-making.md	5	intelligence-commons:adr-eligible	FALSE
pathways-prophecy-and-futures-design	spore/docs/research/connections/johar-portfolio-pathways.md	spore/docs/research/connections/johar-portfolio-pathways.md	1	bridge-note	FALSE
pattern-authority	spore/docs/foundations/spore-instance-model.md	spore/docs/foundations/spore-instance-model.md	2	spore:adr-eligible	FALSE
perceptual-fidelity	spore/docs/research/connections/johar-civic-intelligence.md	spore/docs/research/connections/johar-word-not-thing.md	6	bridge-note	FALSE
permission-gating	intelligence-commons/docs/research/claude-code-agentic-engineering.md	intelligence-commons/docs/research/claude-code-agentic-engineering.md	2	bridge-note	FALSE
persistence-infrastructure	intelligence-commons/docs/foundations/memory-layer-model.md	intelligence-commons/docs/foundations/memory-layer-model.md	3	intelligence-commons:adr-eligible	FALSE
persistence-ordering	spore/docs/foundations/lexicon/intent-pressure.md	spore/docs/research/connections/bennett-every-timeline.md	3	spore:adr-eligible	FALSE
personal-agent	intelligence-commons/docs/patterns/project-learning-membrane.md	intelligence-commons/docs/patterns/project-learning-membrane.md	3	intelligence-commons:extended	FALSE
personal-intake-surface	intelligence-commons/docs/patterns/project-learning-membrane.md	intelligence-commons/docs/patterns/project-learning-membrane.md	2	intelligence-commons:extended	FALSE
personal-node	spore/docs/foundations/spore-instance-model.md	spore/docs/foundations/spore-instance-model.md	2	spore:adr-eligible	FALSE
personal-workflow-node	spore/docs/foundations/spore-instance-model.md	spore/docs/foundations/spore-instance-model.md	4	spore:adr-eligible	FALSE
pinned-commitments	spore/docs/research/connections/bosca-ghrist-local-to-global.md	spore/docs/research/connections/bosca-ghrist-local-to-global.md	1	bridge-note	FALSE
planetary-systems-and-biophysical-reality	spore/docs/research/connections/johar-biophysically-entering.md	spore/docs/research/connections/johar-biophysically-entering.md	1	bridge-note	FALSE
platform-cooperativism	spore/docs/foundations/mycorrhizal-federation-protocol.md	spore/docs/research/concepts-p2p-wiki.yaml	13	spore:adr-eligible	TRUE
plural-selfhood	spore/docs/research/connections/johar-economy-of-doubt.md	spore/docs/research/connections/johar-economy-of-doubt.md	1	bridge-note	FALSE
pluralism-with-interoperability	spore/docs/positioning/hyperstition-as-coordination.md	spore/docs/project-vision.md	3	spore:extended	FALSE
pluriversal-commoning	intelligence-commons/docs/research/canon-decisions/0001-pluriversal-incommensurability.md	spore/docs/research/concepts-p2p-wiki.yaml	31	intelligence-commons:adr-eligible	TRUE
poietic-match-grammar	poietic-match/docs/grammar.md	poietic-match/docs/grammar.md	1	poietic-match:adr-eligible	FALSE
poietic-match-protocol	poietic-match/docs/protocol.md	poietic-match/docs/protocol.md	1	poietic-match:adr-eligible	FALSE
polycentric-governance	intelligence-commons/docs/research/canon-decisions/0004-three-layer-coordination-stack.md	spore/docs/research/concepts-p2p-wiki.yaml	33	intelligence-commons:adr-eligible	TRUE
pool-substrate	poietic-match/docs/project-vision.md	poietic-match/docs/project-vision.md	6	poietic-match:adr-eligible	FALSE
porous-belonging	spore/docs/research/connections/johar-inter-becoming.md	spore/docs/research/connections/johar-inter-becoming.md	1	bridge-note	FALSE
portfolio-goaling	spore/docs/research/connections/johar-portfolio-pathways.md	spore/docs/research/connections/johar-portfolio-pathways.md	1	bridge-note	FALSE
post-permanence-and-adaptive-infrastructure	spore/docs/research/connections/johar-infrastructure-after-permanence.md	spore/docs/research/connections/johar-infrastructure-after-permanence.md	1	bridge-note	FALSE
power-capture	intelligence-commons/docs/research/canon-decisions/0002-reproduction-primacy.md	spore/docs/research/concepts-p2p-wiki.yaml	38	intelligence-commons:adr-eligible	TRUE
presence-engineering	spore/docs/research/connections/johar-presence-engineering.md	spore/docs/research/connections/johar-presence-engineering.md	1	bridge-note	FALSE
priceability-and-system-world	spore/docs/research/connections/johar-priceability.md	spore/docs/research/connections/johar-priceability.md	1	bridge-note	FALSE
privacy-mechanisms	poietic-match/docs/protocol.md	poietic-match/docs/protocol.md	1	poietic-match:adr-eligible	FALSE
probabilistic-governance	spore/docs/research/connections/johar-governing-volatility.md	spore/docs/research/connections/johar-governing-volatility.md	1	bridge-note	FALSE
production-agent	intelligence-commons/docs/patterns/project-learning-membrane.md	intelligence-commons/docs/patterns/project-learning-membrane.md	2	intelligence-commons:extended	FALSE
production-evidence	intelligence-commons/docs/foundations/intelligence-primitives.md	intelligence-commons/docs/foundations/memory-layer-model.md	22	intelligence-commons:adr-eligible	FALSE
production-proving-ground	intelligence-commons/docs/patterns/project-learning-membrane.md	intelligence-commons/docs/patterns/project-learning-membrane.md	7	intelligence-commons:extended	FALSE
production-without-abstraction	intelligence-commons/docs/patterns/project-learning-membrane.md	intelligence-commons/docs/patterns/project-learning-membrane.md	2	intelligence-commons:extended	FALSE
profile-declarations	spore/docs/project-vision.md	spore/docs/project-vision.md	2	spore:adr-eligible	FALSE
profiles-as-compositions	spore/docs/foundations/spore-instance-model.md	spore/docs/foundations/spore-instance-model.md	1	spore:adr-eligible	FALSE
progressive-disclosure	intelligence-commons/docs/learning-field/stalks/letta-memfs.md	poietic-match/docs/protocol.md	4	intelligence-commons:extended	TRUE
project-gardener	intelligence-commons/docs/patterns/project-learning-membrane.md	intelligence-commons/docs/patterns/project-learning-membrane.md	2	intelligence-commons:extended	FALSE
project-identifiers	intelligence-commons/docs/patterns/project-learning-membrane.md	intelligence-commons/docs/patterns/project-learning-membrane.md	3	intelligence-commons:extended	FALSE
project-semantic-memory	intelligence-commons/docs/patterns/project-learning-membrane.md	intelligence-commons/docs/patterns/project-learning-membrane.md	8	intelligence-commons:extended	FALSE
promotion-gates	intelligence-commons/docs/patterns/project-learning-membrane.md	intelligence-commons/docs/patterns/project-learning-membrane.md	4	intelligence-commons:extended	FALSE
promotion-status	intelligence-commons/docs/patterns/project-learning-membrane.md	intelligence-commons/docs/patterns/project-learning-membrane.md	35	intelligence-commons:extended	FALSE
protocol-family	poietic-match/docs/research/connections/commitment-pooling-and-mutual-credit.md	spore/docs/project-vision.md	4	bridge-note	FALSE
protocol-invariants	poietic-match/docs/protocol.md	poietic-match/docs/protocol.md	1	poietic-match:adr-eligible	FALSE
protocol-lock-in	spore/docs/research/canon-decisions/0002-reproduction-primacy.md	spore/docs/foundations/mycorrhizal-federation-protocol.md	1	spore:adr-eligible	FALSE
protocol-society	intelligence-commons/docs/research/knowledge-commons-governance.md	spore/docs/research/concepts-p2p-wiki.yaml	17	bridge-note	FALSE
provenance-infrastructure	spore/docs/research/connections/johar-moral-provenance.md	spore/docs/research/connections/johar-moral-provenance.md	1	bridge-note	FALSE
public-legibility	spore/docs/research/connections/johar-civic-intelligence.md	spore/docs/research/connections/johar-civic-intelligence.md	1	bridge-note	FALSE
public-node	spore/docs/foundations/spore-instance-model.md	spore/docs/foundations/spore-instance-model.md	1	spore:adr-eligible	FALSE
quality-score	poietic-match/docs/protocol.md	spore/docs/foundations/constitutional-artifacts-and-graph-projections.md	1	poietic-match:adr-eligible	FALSE
rea-ontology	spore/docs/research/concepts-p2p-wiki.yaml	spore/docs/research/concepts-p2p-wiki.yaml	3	frozen-concepts	FALSE
recursive-instability	spore/docs/research/connections/johar-recursive-intelligence.md	spore/docs/research/connections/johar-recursive-intelligence.md	1	bridge-note	FALSE
recursive-intelligence	spore/docs/foundations/lexicon/linguistic-closure.md	spore/docs/research/connections/johar-recursive-intelligence.md	2	spore:adr-eligible	FALSE
reflect-pattern	intelligence-commons/docs/learning-field/stalks/hindsight.md	intelligence-commons/docs/learning-field/stalks/hindsight.md	2	intelligence-commons:extended	FALSE
relational-agency	intelligence-commons/docs/research/canon-decisions/0006-collective-agency-declination.md	spore/docs/foundations/relational-agency-and-holons.md	24	intelligence-commons:adr-eligible	TRUE
relational-maturity	spore/docs/research/connections/johar-economy-of-doubt.md	spore/docs/research/connections/johar-outcomes-and-systems.md	2	bridge-note	FALSE
relational-topology	spore/docs/project-vision.md	spore/docs/project-vision.md	4	spore:adr-eligible	FALSE
relational-topology-and-context-design	spore/docs/research/connections/johar-outcomes-and-systems.md	spore/docs/research/connections/johar-relational-topology.md	2	bridge-note	FALSE
replayable-reasoning	intelligence-commons/docs/research/promise-foundation-oracular-evidence-audit.md	intelligence-commons/docs/research/promise-foundation-oracular-evidence-audit.md	1	bridge-note	FALSE
replication-model	poietic-match/docs/research/connections/commercial-credit-circuit.md	spore/docs/foundations/mycorrhizal-federation-protocol.md	3	bridge-note	FALSE
reproductive-commoning	intelligence-commons/docs/foundations/intelligence-primitives.md	spore/docs/research/concepts-p2p-wiki.yaml	23	intelligence-commons:adr-eligible	TRUE
reputation-market	intelligence-commons/docs/research/provenance-and-trust.md	spore/docs/research/concepts-p2p-wiki.yaml	14	bridge-note	TRUE
require-public-exposure	spore/docs/foundations/spore-instance-model.md	spore/docs/foundations/spore-instance-model.md	1	spore:adr-eligible	FALSE
restriction-map-attestation	spore/docs/research/connections/hansen-ghrist-discourse-graphs.md	spore/docs/research/connections/hansen-ghrist-discourse-graphs.md	1	bridge-note	FALSE
restriction-maps	intelligence-commons/docs/learning-field/stalks/our-stack.md	spore/docs/research/connections/sheaf-theory-formalization.md	14	intelligence-commons:extended	TRUE
resulting-structure	intelligence-commons/docs/patterns/project-learning-membrane.md	intelligence-commons/docs/patterns/project-learning-membrane.md	2	intelligence-commons:extended	FALSE
retrieval	intelligence-commons/docs/foundations/intelligence-primitives.md	intelligence-commons/docs/foundations/intelligence-primitives.md	42	intelligence-commons:adr-eligible	TRUE
retrieval-filters	intelligence-commons/docs/patterns/project-learning-membrane.md	intelligence-commons/docs/patterns/project-learning-membrane.md	2	intelligence-commons:extended	FALSE
review-claims	intelligence-commons/docs/patterns/project-learning-membrane.md	intelligence-commons/docs/patterns/project-learning-membrane.md	43	intelligence-commons:extended	FALSE
revisit-triggers	intelligence-commons/docs/patterns/hybrid-retrieval.md	intelligence-commons/docs/patterns/project-learning-membrane.md	6	intelligence-commons:extended	TRUE
roadmap	intelligence-commons/docs/foundations/memory-layer-model.md	spore/docs/project-vision.md	32	intelligence-commons:adr-eligible	TRUE
roadmap-dag	spore/docs/foundations/constitutional-artifacts-and-graph-projections.md	spore/docs/foundations/constitutional-artifacts-and-graph-projections.md	3	spore:adr-eligible	FALSE
runtime-substrate	spore/docs/foundations/spore-instance-model.md	spore/docs/foundations/spore-instance-model.md	2	spore:adr-eligible	FALSE
scaffold-ownership	spore/docs/research/connections/johar-brain-self-rewriting-field.md	spore/docs/research/connections/johar-brain-self-rewriting-field.md	1	bridge-note	FALSE
scaffolded-relationality	spore/docs/research/connections/johar-fork-in-the-system.md	spore/docs/research/connections/johar-fork-in-the-system.md	1	bridge-note	FALSE
scalar-mobility	spore/docs/research/connections/johar-recursive-intelligence.md	spore/docs/research/connections/johar-recursive-intelligence.md	1	bridge-note	FALSE
scan-then-gate	spore/docs/research/connections/hermes-agent-adversarial-self-trust.md	spore/docs/research/connections/hermes-agent-adversarial-self-trust.md	1	bridge-note	FALSE
scope-controls	intelligence-commons/docs/patterns/project-learning-membrane.md	intelligence-commons/docs/patterns/project-learning-membrane.md	2	intelligence-commons:extended	FALSE
self-consistency	intelligence-commons/docs/research/parsimony-self-consistency-bridge-note.md	intelligence-commons/docs/research/parsimony-self-consistency-bridge-note.md	1	bridge-note	FALSE
self-rewriting-field	spore/docs/research/connections/johar-brain-self-rewriting-field.md	spore/docs/research/connections/johar-brain-self-rewriting-field.md	1	bridge-note	FALSE
self-similarity	spore/docs/foundations/constitutional-artifacts-and-graph-projections.md	spore/docs/project-vision.md	4	spore:adr-eligible	FALSE
semantic-coherence	intelligence-commons/docs/foundations/memory-layer-model.md	intelligence-commons/docs/foundations/memory-layer-model.md	4	intelligence-commons:adr-eligible	FALSE
semantic-memory	intelligence-commons/docs/foundations/intelligence-primitives.md	intelligence-commons/docs/foundations/memory-layer-model.md	13	intelligence-commons:adr-eligible	FALSE
sematectonic-stigmergy	poietic-match/docs/protocol.md	poietic-match/docs/protocol.md	4	poietic-match:adr-eligible	FALSE
semilattice-structure	spore/docs/foundations/holonic-network-architecture.md	spore/docs/foundations/relational-agency-and-holons.md	4	spore:adr-eligible	FALSE
sensor-nodes	spore/docs/foundations/constitutional-artifacts-and-graph-projections.md	spore/docs/foundations/constitutional-artifacts-and-graph-projections.md	5	spore:adr-eligible	FALSE
sensory-input	intelligence-commons/docs/foundations/memory-layer-model.md	intelligence-commons/docs/foundations/memory-layer-model.md	1	intelligence-commons:adr-eligible	FALSE
session-memory	intelligence-commons/docs/foundations/intelligence-primitives.md	intelligence-commons/docs/foundations/memory-layer-model.md	5	intelligence-commons:adr-eligible	FALSE
session-persistence	intelligence-commons/docs/foundations/memory-layer-model.md	intelligence-commons/docs/research/claude-code-agentic-engineering.md	3	intelligence-commons:adr-eligible	FALSE
sheaf-laplacian	intelligence-commons/docs/research/bosca-ghrist-local-to-global.md	intelligence-commons/docs/research/bosca-ghrist-local-to-global.md	8	bridge-note	FALSE
signal	intelligence-commons/docs/foundations/intelligence-primitives.md	spore/docs/foundations/constitutional-artifacts-and-graph-projections.md	63	intelligence-commons:adr-eligible	TRUE
signed-commitment	poietic-match/docs/protocol.md	poietic-match/docs/protocol.md	1	poietic-match:adr-eligible	FALSE
social-sensors	spore/docs/foundations/constitutional-artifacts-and-graph-projections.md	spore/docs/foundations/constitutional-artifacts-and-graph-projections.md	1	spore:adr-eligible	FALSE
solidarity-substrate	intelligence-commons/docs/research/canon-decisions/0002-reproduction-primacy.md	spore/docs/research/concepts-p2p-wiki.yaml	12	intelligence-commons:adr-eligible	TRUE
source-claims	intelligence-commons/docs/patterns/project-learning-membrane.md	intelligence-commons/docs/patterns/project-learning-membrane.md	43	intelligence-commons:extended	TRUE
source-labels	intelligence-commons/docs/patterns/project-learning-membrane.md	intelligence-commons/docs/patterns/project-learning-membrane.md	2	intelligence-commons:extended	FALSE
sovereignty-invariants	spore/docs/foundations/mycorrhizal-federation-protocol.md	spore/docs/foundations/mycorrhizal-federation-protocol.md	9	spore:adr-eligible	TRUE
sovereignty-scoping	intelligence-commons/docs/learning-field/stalks/mem0.md	intelligence-commons/docs/learning-field/stalks/mem0.md	2	intelligence-commons:extended	FALSE
spatial-service-and-civic-infrastructure	spore/docs/research/connections/johar-miss-engineered-city.md	spore/docs/research/connections/johar-miss-engineered-city.md	1	bridge-note	FALSE
spore-derivation	intelligence-commons/docs/foundations/intelligence-primitives.md	intelligence-commons/docs/foundations/intelligence-primitives.md	2	intelligence-commons:adr-eligible	FALSE
spore-instance-model	intelligence-commons/docs/research/canon-decisions/0004-three-layer-coordination-stack.md	spore/docs/foundations/spore-instance-model.md	9	intelligence-commons:adr-eligible	FALSE
stance-shifting	spore/docs/research/connections/johar-brain-self-rewriting-field.md	spore/docs/research/connections/johar-brain-self-rewriting-field.md	1	bridge-note	FALSE
state-stratification	intelligence-commons/docs/foundations/memory-layer-model.md	intelligence-commons/docs/foundations/memory-layer-model.md	2	intelligence-commons:adr-eligible	FALSE
stigmergy	intelligence-commons/docs/research/provenance-and-trust.md	spore/docs/research/concepts-p2p-wiki.yaml	20	bridge-note	TRUE
structural-coupling	intelligence-commons/docs/research/canon-decisions/0008-autopoietic-framing-held.md	spore/docs/research/concepts-p2p-wiki.yaml	11	intelligence-commons:adr-eligible	TRUE
structural-legitimacy	spore/docs/project-vision.md	spore/docs/project-vision.md	2	spore:adr-eligible	FALSE
structured-expectation	intelligence-commons/docs/research/johar-neuroplastic-field.md	intelligence-commons/docs/research/johar-neuroplastic-field.md	2	bridge-note	FALSE
subject	intelligence-commons/docs/learning-field/stalks/our-stack.md	poietic-match/docs/grammar.md	22	intelligence-commons:extended	TRUE
symbolic-dominance	spore/docs/research/connections/johar-word-not-thing.md	intelligence-commons/docs/research/johar-word-not-thing.md	1	bridge-note	FALSE
symmetric-rubric	intelligence-commons/docs/research/promise-foundation-oracular-evidence-audit.md	intelligence-commons/docs/research/promise-foundation-oracular-evidence-audit.md	1	bridge-note	FALSE
systemic-freedom	spore/docs/research/connections/johar-entangled-freedom.md	spore/docs/research/connections/johar-free-markets-freedom.md	2	bridge-note	FALSE
systemic-resilience	spore/docs/research/connections/johar-governing-volatility.md	spore/docs/research/connections/johar-governing-volatility.md	1	bridge-note	FALSE
target-state	poietic-match/docs/grammar.md	poietic-match/docs/grammar.md	2	poietic-match:adr-eligible	FALSE
task-state	intelligence-commons/docs/foundations/memory-layer-model.md	intelligence-commons/docs/foundations/memory-layer-model.md	1	intelligence-commons:adr-eligible	FALSE
technical-feasibility	intelligence-commons/docs/foundations/memory-layer-model.md	intelligence-commons/docs/foundations/memory-layer-model.md	4	intelligence-commons:adr-eligible	FALSE
temporal-claim-architecture	spore/docs/research/connections/johar-money-future-energy.md	spore/docs/research/connections/johar-money-future-energy.md	1	bridge-note	FALSE
temporal-knowledge-graph	intelligence-commons/docs/learning-field/stalks/graphiti.md	intelligence-commons/docs/learning-field/stalks/graphiti.md	1	intelligence-commons:extended	FALSE
tender-organizing	spore/docs/research/connections/johar-sovereign-consciousness.md	spore/docs/research/connections/johar-sovereign-consciousness.md	1	bridge-note	FALSE
the-coordination-ecology	spore/docs/foundations/constitutional-artifacts-and-graph-projections.md	spore/docs/foundations/constitutional-artifacts-and-graph-projections.md	14	spore:adr-eligible	TRUE
the-evidence-loop	poietic-match/docs/protocol.md	poietic-match/docs/protocol.md	1	poietic-match:adr-eligible	FALSE
the-protocol	intelligence-commons/docs/learning-field/stalks/hindsight.md	spore/docs/foundations/mycorrhizal-federation-protocol.md	49	intelligence-commons:extended	TRUE
the-vocabulary-refusal	poietic-match/docs/project-vision.md	poietic-match/docs/project-vision.md	1	poietic-match:adr-eligible	FALSE
three-intent-types	poietic-match/docs/grammar.md	poietic-match/docs/grammar.md	1	poietic-match:adr-eligible	FALSE
tradition-anchor	intelligence-commons/docs/foundations/intelligence-primitives.md	intelligence-commons/docs/foundations/intelligence-primitives.md	4	intelligence-commons:adr-eligible	FALSE
transformative-courage	spore/docs/research/connections/johar-ecology-of-courage.md	spore/docs/research/connections/johar-ecology-of-courage.md	1	bridge-note	FALSE
transitional-membrane	spore/docs/project-vision.md	spore/docs/research/connections/flow-funding.md	2	spore:adr-eligible	FALSE
transitive-trust	poietic-match/docs/project-vision.md	spore/docs/foundations/mycorrhizal-federation-protocol.md	2	poietic-match:adr-eligible	FALSE
trust-accumulation	poietic-match/docs/project-vision.md	poietic-match/docs/project-vision.md	1	poietic-match:adr-eligible	FALSE
trust-across-federation	poietic-match/docs/protocol.md	poietic-match/docs/protocol.md	1	poietic-match:adr-eligible	FALSE
trust-attestation	poietic-match/docs/grammar.md	poietic-match/docs/protocol.md	3	poietic-match:adr-eligible	TRUE
trust-field	poietic-match/docs/project-vision.md	poietic-match/docs/project-vision.md	4	poietic-match:adr-eligible	TRUE
trust-model	intelligence-commons/docs/research/provenance-and-trust.md	spore/docs/foundations/mycorrhizal-federation-protocol.md	5	bridge-note	FALSE
trust-tiers	intelligence-commons/docs/foundations/intelligence-primitives.md	intelligence-commons/docs/patterns/project-learning-membrane.md	6	intelligence-commons:adr-eligible	FALSE
two-layer-sheaf	spore/docs/research/connections/hansen-ghrist-discourse-graphs.md	spore/docs/research/connections/hansen-ghrist-discourse-graphs.md	1	bridge-note	FALSE
typed-comparison	intelligence-commons/docs/learning-field/synthesis/agentic-memory-pilot-v1.md	intelligence-commons/docs/learning-field/synthesis/agentic-memory-pilot-v1.md	4	intelligence-commons:extended	FALSE
value-capture	intelligence-commons/docs/research/canon-decisions/0005-decentralization-myth-bundle.md	spore/docs/research/concepts-p2p-wiki.yaml	12	intelligence-commons:adr-eligible	TRUE
viable-continuation	intelligence-commons/docs/roadmap/learning-field-roadmap.md	spore/docs/research/connections/bennett-every-timeline.md	4	meta-corpus	FALSE
visibility-scopes	intelligence-commons/docs/patterns/project-learning-membrane.md	intelligence-commons/docs/patterns/project-learning-membrane.md	3	intelligence-commons:extended	FALSE
vision-commitments	spore/docs/foundations/constitutional-artifacts-and-graph-projections.md	spore/docs/foundations/constitutional-artifacts-and-graph-projections.md	2	spore:adr-eligible	FALSE
workflow-state	intelligence-commons/docs/foundations/memory-layer-model.md	intelligence-commons/docs/foundations/memory-layer-model.md	1	intelligence-commons:adr-eligible	FALSE
working-memory	intelligence-commons/docs/foundations/intelligence-primitives.md	intelligence-commons/docs/foundations/memory-layer-model.md	5	intelligence-commons:adr-eligible	FALSE
worldviews-cohesion-and-systems-change	spore/docs/research/connections/johar-outcomes-and-systems.md	spore/docs/research/connections/johar-outcomes-and-systems.md	1	bridge-note	FALSE
